{"cameraMode":{"drawMode":0,"name":"Shaded","section":"Shading Mode"},"sceneLighting":false,"audioPlay":false,"sceneViewState":{"m_AlwaysRefresh":false,"showFog":true,"showSkybox":true,"showFlares":true,"showImageEffects":true,"showParticleSystems":true,"showVisualEffectGraphs":true,"m_FxEnabled":true},"in2DMode":false,"pivot":{"x":-0.8649101257324219,"y":1.364314079284668,"z":0.031086444854736329},"rotation":{"x":-0.013202937319874764,"y":-0.936581552028656,"z":0.037990737706422809,"w":-0.3484450876712799},"size":10.968428611755371,"orthographic":false}