{"cameraMode":{"drawMode":0,"name":"Shaded","section":"Shading Mode"},"sceneLighting":false,"audioPlay":false,"sceneViewState":{"m_AlwaysRefresh":false,"showFog":true,"showSkybox":true,"showFlares":true,"showImageEffects":true,"showParticleSystems":true,"showVisualEffectGraphs":true,"m_FxEnabled":true},"in2DMode":false,"pivot":{"x":-0.3684617280960083,"y":0.6971080899238586,"z":0.07839107513427735},"rotation":{"x":0.020846625789999963,"y":0.17488308250904084,"z":0.004338295664638281,"w":-0.9844580292701721},"size":1.4696006774902344,"orthographic":false}