{"cameraMode":{"drawMode":0,"name":"Shaded","section":"Shading Mode"},"sceneLighting":false,"audioPlay":false,"sceneViewState":{"m_AlwaysRefresh":false,"showFog":true,"showSkybox":true,"showFlares":true,"showImageEffects":true,"showParticleSystems":true,"showVisualEffectGraphs":true,"m_FxEnabled":true},"in2DMode":false,"pivot":{"x":53.25294876098633,"y":2.9867539405822756,"z":65.95311737060547},"rotation":{"x":0.019665570929646493,"y":0.9796488285064697,"z":-0.15086303651332856,"w":0.13168463110923768},"size":2.442660331726074,"orthographic":false}